Case_ID,Rechnungs_Nr,Absender_Name,Bezogene_Auftrags_ID,Ist_Menge,Summe_Netto,Rechnungstext,Rechtspruefung,Identitaets_Score,Mengenpruefung,Entscheidung,Entscheidungsgrund,Manuelle_Pruefung,Geprueft_am
Test_1,RE-9901,TechCorp,ORD-2024-001,5,"6.000,00€","Absender: TechCorp; Anschrift: Industriepark 1, 50667 Koeln; Rechnungsempfaenger: Traditio GmbH, Musterstrasse 1, 12345 Berlin; Rechnungsnummer: RE-9901; Rechnungsdatum: 15.02.2026; USt-IdNr: DE123456789; Position: Laptop Workstation; Menge: 5; Einzelpreis netto: 1.200,00 EUR; Nettobetrag: 6.000,00 EUR; Umsatzsteuersatz: 19 Prozent; Umsatzsteuerbetrag: 1.140,00 EUR; Bruttobetrag: 7.140,00 EUR.",FALSE,85,OK,Ablehnung,"Rechtsprüfung: Fehlendes Leistungsdatum oder Leistungszeitraum (R7). Das Rechnungsdatum allein reicht hierfür nicht aus.
Identität: 85 von 100 
Identitätsprüfung: Grundbezeichnung des Absenders entspricht dem erwarteten Lieferanten, jedoch fehlt die Rechtsform 'GmbH' im Absender. Da im erwarteten Namen eine Rechtsform enthalten ist, ist der maximale Score 85.
Mengenprüfung: OK, Ist: 5, Soll: 5",Ja,15.09.2026 13:51
Test_2,RE-9902,Müller & Söhne,ORD-2024-002,2,"5.000,00€","Absender: Mueller & Soehne; Anschrift: Hauptstrasse 10, 80331 Muenchen; Rechnungsempfaenger: Traditio GmbH, Musterstrasse 1, 12345 Berlin; Rechnungsnummer: RE-9902; Rechnungsdatum: 16.02.2026; USt-IdNr: DE987654321; Position: Cloud-Setup Service; Menge: 2; Einzelpreis netto: 2.500,00 EUR; Nettobetrag: 5.000,00 EUR; Umsatzsteuersatz: 19 Prozent; Umsatzsteuerbetrag: 950,00 EUR; Bruttobetrag: 5.950,00 EUR.",FALSE,100,FAIL,Ablehnung,"Rechtsprüfung: Fehlende Leistungsangabe (Leistungsdatum oder Leistungszeitraum). R7 verlangt einen Leistungszeitpunkt; das Rechnungsdatum allein reicht hierfür nicht aus.
Identität: 100 von 100 
Identitätsprüfung: Rechnungsabsender und erwarteter Lieferant stimmen nach Normalisierung überein (Mueller & Soehne ≈ Müller & Söhne).
Mengenprüfung: FAIL, Ist: 2, Soll: 1",Nein,17.09.2026 13:46
Test_3,RE-9903,DesignStudio Berlin,ORD-2024-003,3,"2.550,00€","Absender: DesignStudio Berlin; Anschrift: Kantstrasse 5, 10623 Berlin; Rechnungsempfaenger: Traditio GmbH, Musterstrasse 1, 12345 Berlin; Rechnungsnummer: RE-9903; Rechnungsdatum: 16.02.2026; Leistungszeitraum: Februar 2026; Position: Grafikmonitor 4K; Menge: 3; Einzelpreis netto: 850,00 EUR; Nettobetrag: 2.550,00 EUR; Umsatzsteuersatz: 19 Prozent; Umsatzsteuerbetrag: 484,50 EUR; Bruttobetrag: 3.034,50 EUR.",FALSE,100,OK,Ablehnung,"Rechtsprüfung: Fehlende Angabe: R3 Steuernummer oder Umsatzsteuer-Identifikationsnummer.
Identität: 100 von 100 
Identitätsprüfung: Der Absender auf der Rechnung entspricht dem erwarteten Lieferanten nach Normalisierung (DesignStudio Berlin); keine Rechtsformenänderung vorhanden, daher Score 100.
Mengenprüfung: OK, Ist: 3, Soll: 3",Nein,15.09.2026 13:47
Test_4,RE-9904,TechCorp GmbH,ORD-2024-001,5,"6.000,00€","Absender: TechCorp GmbH; Anschrift: Industriepark 1, 50667 Koeln; Rechnungsempfaenger: Traditio GmbH, Musterstrasse 1, 12345 Berlin; Rechnungsnummer: RE-9904; Rechnungsdatum: 16.02.2026; Leistungszeitraum: Februar 2026; USt-IdNr: DE123456789; Position: Laptop Workstation; Menge: 5; Einzelpreis netto: 1.200,00 EUR; Nettobetrag: 6.000,00 EUR; Umsatzsteuersatz: 19 Prozent; Umsatzsteuerbetrag: 1.140,00 EUR; Bruttobetrag: 7.140,00 EUR.",TRUE,100,OK,Freigabe,"Rechtsprüfung: Alle zehn Pflichtangaben gemäß R1–R10 vorhanden (vollständiger Absender, Empfänger, USt-IdNr, Ausstellungsdatum, Rechnungsnummer, Leistungszeitraum, Menge/Art, Entgelt nach Steuersätzen, Steuersatz, Steuerbetrag).
Identität: 100 von 100 
Identitätsprüfung: Nach Normalisierung stimmen Absender und erwarteter Lieferant überein (TechCorp GmbH).
Mengenprüfung: OK, Ist: 5, Soll: 5",Nein,15.09.2026 13:52